X,Y,ogc_fid,objectid,qpunktnummer,vandloebsstrengnummer,navn,nedstroemsstationering,stationering,straekningsnavn,topoid,id_lokalid,registreringfra,registreringtil
705580,6190940,"1150","1397","0","169",Novana_Model_MOELLEAA_DK1_-11928.0,,-11928,MOELLEAA_DK1,Novana_Model,Novana_Model_MOELLEAA_DK1_-11928.0,2020/11/10 13:33:47,
706015.395436647,6190952.73384037,"1151","1398","1","169",Novana_Model_MOELLEAA_DK1_-11474.666666666666,,-11474.6666666667,MOELLEAA_DK1,Novana_Model,Novana_Model_MOELLEAA_DK1_-11474.666666666666,2020/11/10 13:33:47,
706468.191343939,6190940.0,"1152","1399","2","169",Novana_Model_MOELLEAA_DK1_-11021.333333333334,,-11021.3333333333,MOELLEAA_DK1,Novana_Model,Novana_Model_MOELLEAA_DK1_-11021.333333333334,2020/11/10 13:33:47,
706918.242455493,6190888.39485388,"1153","1400","3","169",Novana_Model_MOELLEAA_DK1_-10568.0,,-10568,MOELLEAA_DK1,Novana_Model,Novana_Model_MOELLEAA_DK1_-10568.0,2020/11/10 13:33:47,
707249.877163695,6190780.06141815,"1154","1401","4","169",Novana_Model_MOELLEAA_DK1_-10214.0,,-10214,MOELLEAA_DK1,Novana_Model,Novana_Model_MOELLEAA_DK1_-10214.0,2020/11/10 13:33:47,
707529.522780367,6190570.47721963,"1155","1402","5","169",Novana_Model_MOELLEAA_DK1_-9860.0,,-9860,MOELLEAA_DK1,Novana_Model,Novana_Model_MOELLEAA_DK1_-9860.0,2020/11/10 13:33:47,
707832.551505239,6190392.36133134,"1156","1403","6","169",Novana_Model_MOELLEAA_DK1_-9506.0,,-9506,MOELLEAA_DK1,Novana_Model,Novana_Model_MOELLEAA_DK1_-9506.0,2020/11/10 13:33:47,
708083.216907919,6190256.97426753,"1157","1404","7","169",Novana_Model_MOELLEAA_DK1_-9218.5,,-9218.5,MOELLEAA_DK1,Novana_Model,Novana_Model_MOELLEAA_DK1_-9218.5,2020/11/10 13:33:47,
708360,6190260,"1158","1405","8","169",Novana_Model_MOELLEAA_DK1_-8931.0,,-8931,MOELLEAA_DK1,Novana_Model,Novana_Model_MOELLEAA_DK1_-8931.0,2020/11/10 13:33:47,
708360,6190260,"1159","1406","0","170",Novana_Model_MOELLEAA_DK1_-8931.0_Downstream,Downstream,-8931,MOELLEAA_DK1,Novana_Model,Novana_Model_MOELLEAA_DK1_-8931.0_Downstream,2020/11/10 13:33:47,
708675.220446371,6190008.56146743,"1160","1407","1","170",Novana_Model_MOELLEAA_DK1_-8536.25,,-8536.25,MOELLEAA_DK1,Novana_Model,Novana_Model_MOELLEAA_DK1_-8536.25,2020/11/10 13:33:47,
708903.055714447,6189703.33142663,"1161","1408","2","170",Novana_Model_MOELLEAA_DK1_-8141.5,,-8141.5,MOELLEAA_DK1,Novana_Model,Novana_Model_MOELLEAA_DK1_-8141.5,2020/11/10 13:33:47,
708969.884898994,6189292.14625419,"1162","1409","3","170",Novana_Model_MOELLEAA_DK1_-7746.75,,-7746.75,MOELLEAA_DK1,Novana_Model,Novana_Model_MOELLEAA_DK1_-7746.75,2020/11/10 13:33:47,
709314.879479311,6189082.46495194,"1163","1410","4","170",Novana_Model_MOELLEAA_DK1_-7352.0,,-7352,MOELLEAA_DK1,Novana_Model,Novana_Model_MOELLEAA_DK1_-7352.0,2020/11/10 13:33:47,
709505.24458651,6189092.2507131,"1164","1411","5","170",Novana_Model_MOELLEAA_DK1_-7168.0,,-7168,MOELLEAA_DK1,Novana_Model,Novana_Model_MOELLEAA_DK1_-7168.0,2020/11/10 13:33:47,
709506.293674364,6189092.39059148,"1165","1412","6","170",Novana_Model_MOELLEAA_DK1_-7167.0,,-7167,MOELLEAA_DK1,Novana_Model,Novana_Model_MOELLEAA_DK1_-7167.0,2020/11/10 13:33:47,
709590.034279346,6189104.83664803,"1166","1413","7","170",Novana_Model_MOELLEAA_DK1_-7087.0,,-7087,MOELLEAA_DK1,Novana_Model,Novana_Model_MOELLEAA_DK1_-7087.0,2020/11/10 13:33:47,
709673.592713291,6189118.50984631,"1167","1414","8","170",Novana_Model_MOELLEAA_DK1_-7007.0,,-7007,MOELLEAA_DK1,Novana_Model,Novana_Model_MOELLEAA_DK1_-7007.0,2020/11/10 13:33:47,
709773.100589632,6189132.6035377,"1168","1415","9","170",Novana_Model_MOELLEAA_DK1_-6912.0,,-6912,MOELLEAA_DK1,Novana_Model,Novana_Model_MOELLEAA_DK1_-6912.0,2020/11/10 13:33:47,
709873.146942069,6189142.60817294,"1169","1416","10","170",Novana_Model_MOELLEAA_DK1_-6817.0,,-6817,MOELLEAA_DK1,Novana_Model,Novana_Model_MOELLEAA_DK1_-6817.0,2020/11/10 13:33:47,
710004.432272464,6189158.10899493,"1170","1417","11","170",Novana_Model_MOELLEAA_DK1_-6692.0,,-6692,MOELLEAA_DK1,Novana_Model,Novana_Model_MOELLEAA_DK1_-6692.0,2020/11/10 13:33:47,
710134.051344252,6189184.59031067,"1171","1418","12","170",Novana_Model_MOELLEAA_DK1_-6567.0,,-6567,MOELLEAA_DK1,Novana_Model,Novana_Model_MOELLEAA_DK1_-6567.0,2020/11/10 13:33:47,
710268.85517891,6189212.13087904,"1172","1419","13","170",Novana_Model_MOELLEAA_DK1_-6437.0,,-6437,MOELLEAA_DK1,Novana_Model,Novana_Model_MOELLEAA_DK1_-6437.0,2020/11/10 13:33:47,
710401.813573025,6189247.21539694,"1173","1420","14","170",Novana_Model_MOELLEAA_DK1_-6307.0,,-6307,MOELLEAA_DK1,Novana_Model,Novana_Model_MOELLEAA_DK1_-6307.0,2020/11/10 13:33:47,
710543.842291472,6189289.37980948,"1174","1421","15","170",Novana_Model_MOELLEAA_DK1_-6167.0,,-6167,MOELLEAA_DK1,Novana_Model,Novana_Model_MOELLEAA_DK1_-6167.0,2020/11/10 13:33:47,
710684.924454424,6189334.66544203,"1175","1422","16","170",Novana_Model_MOELLEAA_DK1_-6027.0,,-6027,MOELLEAA_DK1,Novana_Model,Novana_Model_MOELLEAA_DK1_-6027.0,2020/11/10 13:33:47,
710838.529436497,6189384.22282441,"1176","1423","17","170",Novana_Model_MOELLEAA_DK1_-5874.5,,-5874.5,MOELLEAA_DK1,Novana_Model,Novana_Model_MOELLEAA_DK1_-5874.5,2020/11/10 13:33:47,
710992.014385038,6189434.15166309,"1177","1424","18","170",Novana_Model_MOELLEAA_DK1_-5722.0,,-5722,MOELLEAA_DK1,Novana_Model,Novana_Model_MOELLEAA_DK1_-5722.0,2020/11/10 13:33:47,
711147.11885722,6189487.50864656,"1178","1425","19","170",Novana_Model_MOELLEAA_DK1_-5567.0,,-5567,MOELLEAA_DK1,Novana_Model,Novana_Model_MOELLEAA_DK1_-5567.0,2020/11/10 13:33:47,
711301.302198865,6189543.53536711,"1179","1426","20","170",Novana_Model_MOELLEAA_DK1_-5412.0,,-5412,MOELLEAA_DK1,Novana_Model,Novana_Model_MOELLEAA_DK1_-5412.0,2020/11/10 13:33:47,
711410.544967622,6189583.78270296,"1180","1427","21","170",Novana_Model_MOELLEAA_DK1_-5302.0,,-5302,MOELLEAA_DK1,Novana_Model,Novana_Model_MOELLEAA_DK1_-5302.0,2020/11/10 13:33:47,
711520.638380111,6189621.54200012,"1181","1428","22","170",Novana_Model_MOELLEAA_DK1_-5192.0,,-5192,MOELLEAA_DK1,Novana_Model,Novana_Model_MOELLEAA_DK1_-5192.0,2020/11/10 13:33:47,
711622.317527707,6189625.21158675,"1182","1429","23","170",Novana_Model_MOELLEAA_DK1_-5084.5,,-5084.5,MOELLEAA_DK1,Novana_Model,Novana_Model_MOELLEAA_DK1_-5084.5,2020/11/10 13:33:47,
711706.010054278,6189548.13818471,"1183","1430","24","170",Novana_Model_MOELLEAA_DK1_-4977.0,,-4977,MOELLEAA_DK1,Novana_Model,Novana_Model_MOELLEAA_DK1_-4977.0,2020/11/10 13:33:47,
711774.131878231,6189485.40402025,"1184","1431","25","170",Novana_Model_MOELLEAA_DK1_-4889.5,,-4889.5,MOELLEAA_DK1,Novana_Model,Novana_Model_MOELLEAA_DK1_-4889.5,2020/11/10 13:33:47,
711864.197051829,6189488.55133519,"1185","1432","26","170",Novana_Model_MOELLEAA_DK1_-4802.0,,-4802,MOELLEAA_DK1,Novana_Model,Novana_Model_MOELLEAA_DK1_-4802.0,2020/11/10 13:33:47,
711903.682873837,6189492.56164781,"1186","1433","27","170",Novana_Model_MOELLEAA_DK1_-4764.5,,-4764.5,MOELLEAA_DK1,Novana_Model,Novana_Model_MOELLEAA_DK1_-4764.5,2020/11/10 13:33:47,
711943.168695844,6189496.57196042,"1187","1434","28","170",Novana_Model_MOELLEAA_DK1_-4727.0,,-4727,MOELLEAA_DK1,Novana_Model,Novana_Model_MOELLEAA_DK1_-4727.0,2020/11/10 13:33:47,
712117.429928555,6189553.07556974,"1188","1435","29","170",Novana_Model_MOELLEAA_DK1_-4542.0,,-4542,MOELLEAA_DK1,Novana_Model,Novana_Model_MOELLEAA_DK1_-4542.0,2020/11/10 13:33:47,
712191.299070316,6189649.80896967,"1189","1436","30","170",Novana_Model_MOELLEAA_DK1_-4427.0,,-4427,MOELLEAA_DK1,Novana_Model,Novana_Model_MOELLEAA_DK1_-4427.0,2020/11/10 13:33:47,
712238.379725366,6189700.35643637,"1190","1437","31","170",Novana_Model_MOELLEAA_DK1_-4358.0,,-4358,MOELLEAA_DK1,Novana_Model,Novana_Model_MOELLEAA_DK1_-4358.0,2020/11/10 13:33:47,
712239.41419315,6189700.13276766,"1191","1438","32","170",Novana_Model_MOELLEAA_DK1_-4357.0,,-4357,MOELLEAA_DK1,Novana_Model,Novana_Model_MOELLEAA_DK1_-4357.0,2020/11/10 13:33:47,
712353.205649322,6189675.52920956,"1564","1439","33","170",Novana_Model_MOELLEAA_DK1_-4247.0,,-4247,MOELLEAA_DK1,Novana_Model,Novana_Model_MOELLEAA_DK1_-4247.0,2020/11/10 13:33:47,
712467.761116967,6189654.79375488,"1565","1440","34","170",Novana_Model_MOELLEAA_DK1_-4137.0,,-4137,MOELLEAA_DK1,Novana_Model,Novana_Model_MOELLEAA_DK1_-4137.0,2020/11/10 13:33:47,
712637.05731102,6189624.49864647,"1566","1441","35","170",Novana_Model_MOELLEAA_DK1_-3974.5,,-3974.5,MOELLEAA_DK1,Novana_Model,Novana_Model_MOELLEAA_DK1_-3974.5,2020/11/10 13:33:47,
712806.594922162,6189595.60062212,"1567","1442","36","170",Novana_Model_MOELLEAA_DK1_-3812.0,,-3812,MOELLEAA_DK1,Novana_Model,Novana_Model_MOELLEAA_DK1_-3812.0,2020/11/10 13:33:47,
712968.410536937,6189568.63135299,"1568","1443","37","170",Novana_Model_MOELLEAA_DK1_-3657.0,,-3657,MOELLEAA_DK1,Novana_Model,Novana_Model_MOELLEAA_DK1_-3657.0,2020/11/10 13:33:47,
713129.970004382,6189540.17814482,"1569","1444","38","170",Novana_Model_MOELLEAA_DK1_-3502.0,,-3502,MOELLEAA_DK1,Novana_Model,Novana_Model_MOELLEAA_DK1_-3502.0,2020/11/10 13:33:47,
713307.09140302,6189508.54932363,"1570","1445","39","170",Novana_Model_MOELLEAA_DK1_-3332.0,,-3332,MOELLEAA_DK1,Novana_Model,Novana_Model_MOELLEAA_DK1_-3332.0,2020/11/10 13:33:47,
713484.293117661,6189477.37668397,"1571","1446","40","170",Novana_Model_MOELLEAA_DK1_-3162.0,,-3162,MOELLEAA_DK1,Novana_Model,Novana_Model_MOELLEAA_DK1_-3162.0,2020/11/10 13:33:47,
713688.678727162,6189441.90480133,"1572","1447","41","170",Novana_Model_MOELLEAA_DK1_-2966.0,,-2966,MOELLEAA_DK1,Novana_Model,Novana_Model_MOELLEAA_DK1_-2966.0,2020/11/10 13:33:47,
713801.025223275,6189422.40664911,"1573","1448","42","170",Novana_Model_MOELLEAA_DK1_-2858.262898097279,,-2858.26289809728,MOELLEAA_DK1,Novana_Model,Novana_Model_MOELLEAA_DK1_-2858.262898097279,2020/11/10 13:33:47,
713801.025223275,6189422.40664911,"1574","1449","0","171",Novana_Model_MOELLEAA_DK1_-2858.262898097279_Downstream,Downstream,-2858.26289809728,MOELLEAA_DK1,Novana_Model,Novana_Model_MOELLEAA_DK1_-2858.262898097279_Downstream,2020/11/10 13:33:47,
713886.19336111,6189387.35257677,"1575","1450","1","171",Novana_Model_MOELLEAA_DK1_-2771.0,,-2771,MOELLEAA_DK1,Novana_Model,Novana_Model_MOELLEAA_DK1_-2771.0,2020/11/10 13:33:47,
713887.161547869,6189386.92506574,"1576","1451","2","171",Novana_Model_MOELLEAA_DK1_-2770.0,,-2770,MOELLEAA_DK1,Novana_Model,Novana_Model_MOELLEAA_DK1_-2770.0,2020/11/10 13:33:47,
713890.066108146,6189385.64253263,"1577","1452","3","171",Novana_Model_MOELLEAA_DK1_-2767.0,,-2767,MOELLEAA_DK1,Novana_Model,Novana_Model_MOELLEAA_DK1_-2767.0,2020/11/10 13:33:47,
714059.49879098,6189310.82810125,"1578","1453","4","171",Novana_Model_MOELLEAA_DK1_-2592.0,,-2592,MOELLEAA_DK1,Novana_Model,Novana_Model_MOELLEAA_DK1_-2592.0,2020/11/10 13:33:47,
714231.391227832,6189241.88827866,"1579","1454","5","171",Novana_Model_MOELLEAA_DK1_-2417.0,,-2417,MOELLEAA_DK1,Novana_Model,Novana_Model_MOELLEAA_DK1_-2417.0,2020/11/10 13:33:47,
714413.421768298,6189169.76297017,"1580","1455","6","171",Novana_Model_MOELLEAA_DK1_-2232.0,,-2232,MOELLEAA_DK1,Novana_Model,Novana_Model_MOELLEAA_DK1_-2232.0,2020/11/10 13:33:47,
714594.123458181,6189094.38784217,"1581","1456","7","171",Novana_Model_MOELLEAA_DK1_-2047.0,,-2047,MOELLEAA_DK1,Novana_Model,Novana_Model_MOELLEAA_DK1_-2047.0,2020/11/10 13:33:47,
714764.697878957,6189022.21601024,"1582","1457","8","171",Novana_Model_MOELLEAA_DK1_-1872.0,,-1872,MOELLEAA_DK1,Novana_Model,Novana_Model_MOELLEAA_DK1_-1872.0,2020/11/10 13:33:47,
714934.875367966,6188949.11159595,"1583","1458","9","171",Novana_Model_MOELLEAA_DK1_-1697.0,,-1697,MOELLEAA_DK1,Novana_Model,Novana_Model_MOELLEAA_DK1_-1697.0,2020/11/10 13:33:47,
715170.692745592,6188847.80976471,"1584","1459","10","171",Novana_Model_MOELLEAA_DK1_-1454.5,,-1454.5,MOELLEAA_DK1,Novana_Model,Novana_Model_MOELLEAA_DK1_-1454.5,2020/11/10 13:33:47,
715309.455327353,6188646.45472419,"1585","1460","11","171",Novana_Model_MOELLEAA_DK1_-1212.0,,-1212,MOELLEAA_DK1,Novana_Model,Novana_Model_MOELLEAA_DK1_-1212.0,2020/11/10 13:33:47,
715414.529711433,6188421.02240925,"1586","1461","12","171",Novana_Model_MOELLEAA_DK1_-977.0,,-977,MOELLEAA_DK1,Novana_Model,Novana_Model_MOELLEAA_DK1_-977.0,2020/11/10 13:33:47,
715518.112618061,6188194.90109139,"1587","1462","13","171",Novana_Model_MOELLEAA_DK1_-742.0,,-742,MOELLEAA_DK1,Novana_Model,Novana_Model_MOELLEAA_DK1_-742.0,2020/11/10 13:33:47,
715597.135656079,6188012.89504779,"1588","1463","14","171",Novana_Model_MOELLEAA_DK1_-554.5,,-554.5,MOELLEAA_DK1,Novana_Model,Novana_Model_MOELLEAA_DK1_-554.5,2020/11/10 13:33:47,
715673.492413435,6187830.53199125,"1589","1464","15","171",Novana_Model_MOELLEAA_DK1_-367.6995755784792,,-367.699575578479,MOELLEAA_DK1,Novana_Model,Novana_Model_MOELLEAA_DK1_-367.6995755784792,2020/11/10 13:33:47,
715673.77115493,6187829.84605253,"1590","1465","16","171",Novana_Model_MOELLEAA_DK1_-367.0,,-367,MOELLEAA_DK1,Novana_Model,Novana_Model_MOELLEAA_DK1_-367.0,2020/11/10 13:33:47,
715673.77115493,6187829.84605253,"1591","1466","0","172",Novana_Model_MOELLEAA_DK1_-367.0_Downstream,Downstream,-367,MOELLEAA_DK1,Novana_Model,Novana_Model_MOELLEAA_DK1_-367.0_Downstream,2020/11/10 13:33:47,
715780.155628046,6187568.05069551,"1592","1467","1","172",Novana_Model_MOELLEAA_DK1_-100.0,,-100,MOELLEAA_DK1,Novana_Model,Novana_Model_MOELLEAA_DK1_-100.0,2020/11/10 13:33:47,
715817.210893963,6187476.86354869,"1593","1468","2","172",Novana_Model_MOELLEAA_DK1_-7.0,,-7,MOELLEAA_DK1,Novana_Model,Novana_Model_MOELLEAA_DK1_-7.0,2020/11/10 13:33:47,
715961.770507096,6187269.85340175,"1594","1469","3","172",Novana_Model_MOELLEAA_DK1_248.0,,248,MOELLEAA_DK1,Novana_Model,Novana_Model_MOELLEAA_DK1_248.0,2020/11/10 13:33:47,
716107.646477491,6187064.90234834,"1595","1470","4","172",Novana_Model_MOELLEAA_DK1_503.0,,503,MOELLEAA_DK1,Novana_Model,Novana_Model_MOELLEAA_DK1_503.0,2020/11/10 13:33:47,
716384.138242116,6186880.57450526,"1596","1471","5","172",Novana_Model_MOELLEAA_DK1_839.0,,839,MOELLEAA_DK1,Novana_Model,Novana_Model_MOELLEAA_DK1_839.0,2020/11/10 13:33:47,
716702.587119257,6186800.16169495,"1597","1472","6","172",Novana_Model_MOELLEAA_DK1_1175.0,,1175,MOELLEAA_DK1,Novana_Model,Novana_Model_MOELLEAA_DK1_1175.0,2020/11/10 13:33:47,
717032.905805898,6186813.91235571,"1598","1473","7","172",Novana_Model_MOELLEAA_DK1_1511.0,,1511,MOELLEAA_DK1,Novana_Model,Novana_Model_MOELLEAA_DK1_1511.0,2020/11/10 13:33:47,
717338.369624463,6186669.82564884,"1599","1474","8","172",Novana_Model_MOELLEAA_DK1_1852.5,,1852.5,MOELLEAA_DK1,Novana_Model,Novana_Model_MOELLEAA_DK1_1852.5,2020/11/10 13:33:47,
717639.351166765,6186521.03901853,"1600","1475","9","172",Novana_Model_MOELLEAA_DK1_2194.0,,2194,MOELLEAA_DK1,Novana_Model,Novana_Model_MOELLEAA_DK1_2194.0,2020/11/10 13:33:47,
717639.351166765,6186521.03901853,"1601","1476","0","173",Novana_Model_MOELLEAA_DK1_2194.0_Downstream,Downstream,2194,MOELLEAA_DK1,Novana_Model,Novana_Model_MOELLEAA_DK1_2194.0_Downstream,2020/11/10 13:33:47,
717714.054936828,6186529.33943743,"1602","1477","1","173",Novana_Model_MOELLEAA_DK1_2270.0,,2270,MOELLEAA_DK1,Novana_Model,Novana_Model_MOELLEAA_DK1_2270.0,2020/11/10 13:33:47,
717833.974146666,6186542.66379407,"1603","1478","2","173",Novana_Model_MOELLEAA_DK1_2392.0,,2392,MOELLEAA_DK1,Novana_Model,Novana_Model_MOELLEAA_DK1_2392.0,2020/11/10 13:33:47,
717834.957091009,6186542.77301011,"1604","1479","3","173",Novana_Model_MOELLEAA_DK1_2393.0,,2393,MOELLEAA_DK1,Novana_Model,Novana_Model_MOELLEAA_DK1_2393.0,2020/11/10 13:33:47,
717923.422081873,6186547.39754646,"1605","1480","4","173",Novana_Model_MOELLEAA_DK1_2483.0,,2483,MOELLEAA_DK1,Novana_Model,Novana_Model_MOELLEAA_DK1_2483.0,2020/11/10 13:33:47,
718011.418609381,6186534.88128453,"1606","1481","5","173",Novana_Model_MOELLEAA_DK1_2573.0,,2573,MOELLEAA_DK1,Novana_Model,Novana_Model_MOELLEAA_DK1_2573.0,2020/11/10 13:33:47,
718073.942482561,6186519.9390485,"1607","1482","6","173",Novana_Model_MOELLEAA_DK1_2638.0,,2638,MOELLEAA_DK1,Novana_Model,Novana_Model_MOELLEAA_DK1_2638.0,2020/11/10 13:33:47,
718137.024345786,6186508.0330693,"1608","1483","7","173",Novana_Model_MOELLEAA_DK1_2703.0,,2703,MOELLEAA_DK1,Novana_Model,Novana_Model_MOELLEAA_DK1_2703.0,2020/11/10 13:33:47,
718222.843219055,6186496.90840054,"1609","1484","8","173",Novana_Model_MOELLEAA_DK1_2790.5,,2790.5,MOELLEAA_DK1,Novana_Model,Novana_Model_MOELLEAA_DK1_2790.5,2020/11/10 13:33:47,
718308.601037056,6186485.36513821,"1610","1485","9","173",Novana_Model_MOELLEAA_DK1_2878.0,,2878,MOELLEAA_DK1,Novana_Model,Novana_Model_MOELLEAA_DK1_2878.0,2020/11/10 13:33:47,
718563.748241725,6186467.20781717,"1611","1486","10","173",Novana_Model_MOELLEAA_DK1_3138.0,,3138,MOELLEAA_DK1,Novana_Model,Novana_Model_MOELLEAA_DK1_3138.0,2020/11/10 13:33:47,
718814.970104317,6186522.04340111,"1612","1487","11","173",Novana_Model_MOELLEAA_DK1_3398.0,,3398,MOELLEAA_DK1,Novana_Model,Novana_Model_MOELLEAA_DK1_3398.0,2020/11/10 13:33:47,
718937.01119203,6186543.14576642,"1613","1488","12","173",Novana_Model_MOELLEAA_DK1_3525.5,,3525.5,MOELLEAA_DK1,Novana_Model,Novana_Model_MOELLEAA_DK1_3525.5,2020/11/10 13:33:47,
719029.064957028,6186508.17827253,"1614","1489","13","173",Novana_Model_MOELLEAA_DK1_3653.0,,3653,MOELLEAA_DK1,Novana_Model,Novana_Model_MOELLEAA_DK1_3653.0,2020/11/10 13:33:47,
719043.704961491,6186516.44527935,"1615","1490","14","173",Novana_Model_MOELLEAA_DK1_3670.0,,3670,MOELLEAA_DK1,Novana_Model,Novana_Model_MOELLEAA_DK1_3670.0,2020/11/10 13:33:47,
719059.583532627,6186520.0,"1616","1491","15","173",Novana_Model_MOELLEAA_DK1_3687.0,,3687,MOELLEAA_DK1,Novana_Model,Novana_Model_MOELLEAA_DK1_3687.0,2020/11/10 13:33:47,
719188.946378572,6186510.3227897,"1617","1492","16","173",Novana_Model_MOELLEAA_DK1_3819.0,,3819,MOELLEAA_DK1,Novana_Model,Novana_Model_MOELLEAA_DK1_3819.0,2020/11/10 13:33:47,
719315.641005895,6186478.84231329,"1618","1493","17","173",Novana_Model_MOELLEAA_DK1_3951.0,,3951,MOELLEAA_DK1,Novana_Model,Novana_Model_MOELLEAA_DK1_3951.0,2020/11/10 13:33:47,
719441.550472551,6186488.88726544,"1619","1494","18","173",Novana_Model_MOELLEAA_DK1_4083.0,,4083,MOELLEAA_DK1,Novana_Model,Novana_Model_MOELLEAA_DK1_4083.0,2020/11/10 13:33:47,
719491.350775312,6186590.80620249,"1620","1495","19","173",Novana_Model_MOELLEAA_DK1_4216.0,,4216,MOELLEAA_DK1,Novana_Model,Novana_Model_MOELLEAA_DK1_4216.0,2020/11/10 13:33:47,
719453.764019911,6186998.77203129,"1621","1496","20","173",Novana_Model_MOELLEAA_DK1_4657.0,,4657,MOELLEAA_DK1,Novana_Model,Novana_Model_MOELLEAA_DK1_4657.0,2020/11/10 13:33:47,
719238.364338849,6187332.61234537,"1622","1497","21","173",Novana_Model_MOELLEAA_DK1_5098.0,,5098,MOELLEAA_DK1,Novana_Model,Novana_Model_MOELLEAA_DK1_5098.0,2020/11/10 13:33:47,
719180.676558039,6187454.501469,"1623","1498","22","173",Novana_Model_MOELLEAA_DK1_5238.0,,5238,MOELLEAA_DK1,Novana_Model,Novana_Model_MOELLEAA_DK1_5238.0,2020/11/10 13:33:47,
719184.053789869,6187531.03600252,"1624","1499","23","173",Novana_Model_MOELLEAA_DK1_5316.0,,5316,MOELLEAA_DK1,Novana_Model,Novana_Model_MOELLEAA_DK1_5316.0,2020/11/10 13:33:47,
719230.376159863,6187655.2003783,"1625","1500","24","173",Novana_Model_MOELLEAA_DK1_5450.0,,5450,MOELLEAA_DK1,Novana_Model,Novana_Model_MOELLEAA_DK1_5450.0,2020/11/10 13:33:47,
719359.017779728,6187974.37481937,"1626","1501","25","173",Novana_Model_MOELLEAA_DK1_5798.0,,5798,MOELLEAA_DK1,Novana_Model,Novana_Model_MOELLEAA_DK1_5798.0,2020/11/10 13:33:47,
719434.815481955,6188256.3006327,"1627","1502","26","173",Novana_Model_MOELLEAA_DK1_6146.0,,6146,MOELLEAA_DK1,Novana_Model,Novana_Model_MOELLEAA_DK1_6146.0,2020/11/10 13:33:47,
719460.861684191,6188476.44896845,"1628","1503","27","173",Novana_Model_MOELLEAA_DK1_6418.0,,6418,MOELLEAA_DK1,Novana_Model,Novana_Model_MOELLEAA_DK1_6418.0,2020/11/10 13:33:47,
719383.053473081,6188616.50374846,"1629","1504","28","173",Novana_Model_MOELLEAA_DK1_6580.0,,6580,MOELLEAA_DK1,Novana_Model,Novana_Model_MOELLEAA_DK1_6580.0,2020/11/10 13:33:47,
719372.366405341,6188710.99216022,"1630","1505","29","173",Novana_Model_MOELLEAA_DK1_6679.0,,6679,MOELLEAA_DK1,Novana_Model,Novana_Model_MOELLEAA_DK1_6679.0,2020/11/10 13:33:47,
719360.602463385,6188994.31310252,"1631","1506","30","173",Novana_Model_MOELLEAA_DK1_6969.0,,6969,MOELLEAA_DK1,Novana_Model,Novana_Model_MOELLEAA_DK1_6969.0,2020/11/10 13:33:47,
719346.05400506,6189140.20251897,"1632","1507","31","173",Novana_Model_MOELLEAA_DK1_7124.0,,7124,MOELLEAA_DK1,Novana_Model,Novana_Model_MOELLEAA_DK1_7124.0,2020/11/10 13:33:47,
719505.475324297,6189388.51096258,"1633","1508","32","173",Novana_Model_MOELLEAA_DK1_7442.0,,7442,MOELLEAA_DK1,Novana_Model,Novana_Model_MOELLEAA_DK1_7442.0,2020/11/10 13:33:47,
719607.261839532,6189392.5421117,"1634","1509","33","173",Novana_Model_MOELLEAA_DK1_7545.0,,7545,MOELLEAA_DK1,Novana_Model,Novana_Model_MOELLEAA_DK1_7545.0,2020/11/10 13:33:47,
719879.150063773,6189420.64188649,"1635","1510","34","173",Novana_Model_MOELLEAA_DK1_7828.0,,7828,MOELLEAA_DK1,Novana_Model,Novana_Model_MOELLEAA_DK1_7828.0,2020/11/10 13:33:47,
720106.223826046,6189450.4094393,"1636","1511","35","173",Novana_Model_MOELLEAA_DK1_8070.0,,8070,MOELLEAA_DK1,Novana_Model,Novana_Model_MOELLEAA_DK1_8070.0,2020/11/10 13:33:47,
720181.229548414,6189583.0343958,"1637","1512","36","173",Novana_Model_MOELLEAA_DK1_8227.0,,8227,MOELLEAA_DK1,Novana_Model,Novana_Model_MOELLEAA_DK1_8227.0,2020/11/10 13:33:47,
720238.951100352,6189625.07779618,"1638","1513","37","173",Novana_Model_MOELLEAA_DK1_8300.0,,8300,MOELLEAA_DK1,Novana_Model,Novana_Model_MOELLEAA_DK1_8300.0,2020/11/10 13:33:47,
720347.916303156,6189641.4520759,"1639","1514","38","173",Novana_Model_MOELLEAA_DK1_8413.0,,8413,MOELLEAA_DK1,Novana_Model,Novana_Model_MOELLEAA_DK1_8413.0,2020/11/10 13:33:47,
720591.03361529,6189845.93025376,"1640","1515","39","173",Novana_Model_MOELLEAA_DK1_8738.0,,8738,MOELLEAA_DK1,Novana_Model,Novana_Model_MOELLEAA_DK1_8738.0,2020/11/10 13:33:47,
720884.236353333,6189866.822735,"1641","1516","40","173",Novana_Model_MOELLEAA_DK1_9063.0,,9063,MOELLEAA_DK1,Novana_Model,Novana_Model_MOELLEAA_DK1_9063.0,2020/11/10 13:33:47,
721149.502268021,6189722.624433,"1642","1517","41","173",Novana_Model_MOELLEAA_DK1_9374.0,,9374,MOELLEAA_DK1,Novana_Model,Novana_Model_MOELLEAA_DK1_9374.0,2020/11/10 13:33:47,
721445.028232353,6189778.33145118,"1643","1518","42","173",Novana_Model_MOELLEAA_DK1_9685.0,,9685,MOELLEAA_DK1,Novana_Model,Novana_Model_MOELLEAA_DK1_9685.0,2020/11/10 13:33:47,
721768.839349416,6189792.55956628,"1644","1519","43","173",Novana_Model_MOELLEAA_DK1_10023.0,,10023,MOELLEAA_DK1,Novana_Model,Novana_Model_MOELLEAA_DK1_10023.0,2020/11/10 13:33:47,
722048.463302996,6189944.474562,"1645","1520","44","173",Novana_Model_MOELLEAA_DK1_10361.0,,10361,MOELLEAA_DK1,Novana_Model,Novana_Model_MOELLEAA_DK1_10361.0,2020/11/10 13:33:47,
722362.074424036,6190168.11163605,"1646","1521","45","173",Novana_Model_MOELLEAA_DK1_10836.0,,10836,MOELLEAA_DK1,Novana_Model,Novana_Model_MOELLEAA_DK1_10836.0,2020/11/10 13:33:47,
722403.767626638,6190230.65143996,"1647","1522","46","173",Novana_Model_MOELLEAA_DK1_10912.0,,10912,MOELLEAA_DK1,Novana_Model,Novana_Model_MOELLEAA_DK1_10912.0,2020/11/10 13:33:47,
722477.044400287,6190293.52220014,"1648","1523","47","173",Novana_Model_MOELLEAA_DK1_11013.0,,11013,MOELLEAA_DK1,Novana_Model,Novana_Model_MOELLEAA_DK1_11013.0,2020/11/10 13:33:47,
722629.406054349,6190325.14848641,"1649","1524","48","173",Novana_Model_MOELLEAA_DK1_11180.0,,11180,MOELLEAA_DK1,Novana_Model,Novana_Model_MOELLEAA_DK1_11180.0,2020/11/10 13:33:47,
722772.491131561,6190265.55949708,"1650","1525","49","173",Novana_Model_MOELLEAA_DK1_11337.0,,11337,MOELLEAA_DK1,Novana_Model,Novana_Model_MOELLEAA_DK1_11337.0,2020/11/10 13:33:47,
722806.833764119,6190250.29610484,"1651","1526","50","173",Novana_Model_MOELLEAA_DK1_11375.0,,11375,MOELLEAA_DK1,Novana_Model,Novana_Model_MOELLEAA_DK1_11375.0,2020/11/10 13:33:47,
723110.02638642,6190190.0,"1652","1527","51","173",Novana_Model_MOELLEAA_DK1_11690.0,,11690,MOELLEAA_DK1,Novana_Model,Novana_Model_MOELLEAA_DK1_11690.0,2020/11/10 13:33:47,
723207.843713136,6190225.88278485,"1653","1528","52","173",Novana_Model_MOELLEAA_DK1_11801.0,,11801,MOELLEAA_DK1,Novana_Model,Novana_Model_MOELLEAA_DK1_11801.0,2020/11/10 13:33:47,
723503.5482251,6190505.57175915,"1654","1529","53","173",Novana_Model_MOELLEAA_DK1_12219.0,,12219,MOELLEAA_DK1,Novana_Model,Novana_Model_MOELLEAA_DK1_12219.0,2020/11/10 13:33:47,
723741.115351317,6190588.88464868,"1655","1530","54","173",Novana_Model_MOELLEAA_DK1_12637.0,,12637,MOELLEAA_DK1,Novana_Model,Novana_Model_MOELLEAA_DK1_12637.0,2020/11/10 13:33:47,
723973.671632517,6190546.32836748,"1656","1531","55","173",Novana_Model_MOELLEAA_DK1_12929.0,,12929,MOELLEAA_DK1,Novana_Model,Novana_Model_MOELLEAA_DK1_12929.0,2020/11/10 13:33:47,
724246.17221272,6190458.10353967,"1657","1532","56","173",Novana_Model_MOELLEAA_DK1_13221.0,,13221,MOELLEAA_DK1,Novana_Model,Novana_Model_MOELLEAA_DK1_13221.0,2020/11/10 13:33:47,
724320.900958616,6190424.1359279,"1658","1533","57","173",Novana_Model_MOELLEAA_DK1_13304.0,,13304,MOELLEAA_DK1,Novana_Model,Novana_Model_MOELLEAA_DK1_13304.0,2020/11/10 13:33:47,
724500,6190490,"1659","1534","58","173",Novana_Model_MOELLEAA_DK1_13500.0,,13500,MOELLEAA_DK1,Novana_Model,Novana_Model_MOELLEAA_DK1_13500.0,2020/11/10 13:33:47,
720888.198446003,6191721.27286325,"4012","4270","2","455",Novana_Model_KIGHANERENDEN_DK1_848.0,,848,KIGHANERENDEN_DK1,Novana_Model,Novana_Model_KIGHANERENDEN_DK1_848.0,2020/11/10 13:33:48,
721218.609929156,6191919.46535737,"4013","4271","3","455",Novana_Model_KIGHANERENDEN_DK1_1272.0,,1272,KIGHANERENDEN_DK1,Novana_Model,Novana_Model_KIGHANERENDEN_DK1_1272.0,2020/11/10 13:33:48,
721462.265550307,6192196.69916273,"4014","4272","4","455",Novana_Model_KIGHANERENDEN_DK1_1666.5,,1666.5,KIGHANERENDEN_DK1,Novana_Model,Novana_Model_KIGHANERENDEN_DK1_1666.5,2020/11/10 13:33:48,
721722.729809545,6192400.63424912,"4015","4273","5","455",Novana_Model_KIGHANERENDEN_DK1_2061.0,,2061,KIGHANERENDEN_DK1,Novana_Model,Novana_Model_KIGHANERENDEN_DK1_2061.0,2020/11/10 13:33:48,
721909.920948626,6192760.6172089,"4016","4274","6","455",Novana_Model_KIGHANERENDEN_DK1_2492.0,,2492,KIGHANERENDEN_DK1,Novana_Model,Novana_Model_KIGHANERENDEN_DK1_2492.0,2020/11/10 13:33:48,
722170.0,6193024.69695071,"4017","4275","7","455",Novana_Model_KIGHANERENDEN_DK1_2923.0,,2923,KIGHANERENDEN_DK1,Novana_Model,Novana_Model_KIGHANERENDEN_DK1_2923.0,2020/11/10 13:33:48,
722279.028604368,6193131.60820562,"4018","4276","8","455",Novana_Model_KIGHANERENDEN_DK1_3100.0,,3100,KIGHANERENDEN_DK1,Novana_Model,Novana_Model_KIGHANERENDEN_DK1_3100.0,2020/11/10 13:33:48,
722382.437545,6193399.224838,"4019","4277","9","455",Novana_Model_KIGHANERENDEN_DK1_3436.0,,3436,KIGHANERENDEN_DK1,Novana_Model,Novana_Model_KIGHANERENDEN_DK1_3436.0,2020/11/10 13:33:48,
722305.746076958,6193706.05801268,"4020","4278","10","455",Novana_Model_KIGHANERENDEN_DK1_3772.0,,3772,KIGHANERENDEN_DK1,Novana_Model,Novana_Model_KIGHANERENDEN_DK1_3772.0,2020/11/10 13:33:48,
722456.295557723,6193976.15639187,"4021","4279","11","455",Novana_Model_KIGHANERENDEN_DK1_4108.0,,4108,KIGHANERENDEN_DK1,Novana_Model,Novana_Model_KIGHANERENDEN_DK1_4108.0,2020/11/10 13:33:48,
722618.523638374,6194190.7177644,"4022","4280","12","455",Novana_Model_KIGHANERENDEN_DK1_4394.0,,4394,KIGHANERENDEN_DK1,Novana_Model,Novana_Model_KIGHANERENDEN_DK1_4394.0,2020/11/10 13:33:48,
722832.905660936,6194339.03144635,"4023","4281","13","455",Novana_Model_KIGHANERENDEN_DK1_4680.0,,4680,KIGHANERENDEN_DK1,Novana_Model,Novana_Model_KIGHANERENDEN_DK1_4680.0,2020/11/10 13:33:48,
723091.79427273,6194376.92577272,"4024","4282","14","455",Novana_Model_KIGHANERENDEN_DK1_5050.0,,5050,KIGHANERENDEN_DK1,Novana_Model,Novana_Model_KIGHANERENDEN_DK1_5050.0,2020/11/10 13:33:48,
723326.409044576,6194577.84542675,"4025","4283","15","455",Novana_Model_KIGHANERENDEN_DK1_5413.0,,5413,KIGHANERENDEN_DK1,Novana_Model,Novana_Model_KIGHANERENDEN_DK1_5413.0,2020/11/10 13:33:48,
723490,6194820,"4026","4284","16","455",Novana_Model_KIGHANERENDEN_DK1_5776.0,,5776,KIGHANERENDEN_DK1,Novana_Model,Novana_Model_KIGHANERENDEN_DK1_5776.0,2020/11/10 13:33:48,
720200,6191490,"4097","4268","0","455",Novana_Model_KIGHANERENDEN_DK1_0.0,,0,KIGHANERENDEN_DK1,Novana_Model,Novana_Model_KIGHANERENDEN_DK1_0.0,2020/11/10 13:33:48,
720589.324419964,6191474.78504272,"4098","4269","1","455",Novana_Model_KIGHANERENDEN_DK1_424.0,,424,KIGHANERENDEN_DK1,Novana_Model,Novana_Model_KIGHANERENDEN_DK1_424.0,2020/11/10 13:33:48,
719289.2933,6193381.9912,"4367","4329","0","459",DK2013_Vejlesoe_Kanal_DK1_0.0,,0,Vejlesoe_Kanal_DK1,DK2013,DK2013_Vejlesoe_Kanal_DK1_0.0,2020/11/10 13:33:48,
719183.710525195,6192919.40684636,"4368","4330","1","459",DK2013_Vejlesoe_Kanal_DK1_467.833,,467.833,Vejlesoe_Kanal_DK1,DK2013,DK2013_Vejlesoe_Kanal_DK1_467.833,2020/11/10 13:33:48,
719078.127564465,6192456.82149487,"4369","4331","2","459",DK2013_Vejlesoe_Kanal_DK1_935.667,,935.667,Vejlesoe_Kanal_DK1,DK2013,DK2013_Vejlesoe_Kanal_DK1_935.667,2020/11/10 13:33:48,
718972.544841919,6191994.2371293,"4370","4332","3","459",DK2013_Vejlesoe_Kanal_DK1_1403.5,,1403.5,Vejlesoe_Kanal_DK1,DK2013,DK2013_Vejlesoe_Kanal_DK1_1403.5,2020/11/10 13:33:48,
718866.962121011,6191531.65276336,"4371","4333","4","459",DK2013_Vejlesoe_Kanal_DK1_1871.333,,1871.333,Vejlesoe_Kanal_DK1,DK2013,DK2013_Vejlesoe_Kanal_DK1_1871.333,2020/11/10 13:33:48,
718761.379190978,6191069.06740486,"4372","4334","5","459",DK2013_Vejlesoe_Kanal_DK1_2339.167,,2339.167,Vejlesoe_Kanal_DK1,DK2013,DK2013_Vejlesoe_Kanal_DK1_2339.167,2020/11/10 13:33:48,
718335.249632656,6190865.33753537,"4373","4335","6","459",DK2013_Vejlesoe_Kanal_DK1_2807.0,,2807,Vejlesoe_Kanal_DK1,DK2013,DK2013_Vejlesoe_Kanal_DK1_2807.0,2020/11/10 13:33:48,
717897.191031078,6190684.39948245,"4374","4336","7","459",DK2013_Vejlesoe_Kanal_DK1_3274.833,,3274.833,Vejlesoe_Kanal_DK1,DK2013,DK2013_Vejlesoe_Kanal_DK1_3274.833,2020/11/10 13:33:48,
717448.987657139,6190529.50415916,"4375","4337","8","459",DK2013_Vejlesoe_Kanal_DK1_3742.667,,3742.667,Vejlesoe_Kanal_DK1,DK2013,DK2013_Vejlesoe_Kanal_DK1_3742.667,2020/11/10 13:33:48,
717115.764837659,6190205.79744223,"4376","4338","9","459",DK2013_Vejlesoe_Kanal_DK1_4210.5,,4210.5,Vejlesoe_Kanal_DK1,DK2013,DK2013_Vejlesoe_Kanal_DK1_4210.5,2020/11/10 13:33:48,
716813.637589728,6190455.03449044,"4377","4339","10","459",DK2013_Vejlesoe_Kanal_DK1_4678.333,,4678.333,Vejlesoe_Kanal_DK1,DK2013,DK2013_Vejlesoe_Kanal_DK1_4678.333,2020/11/10 13:33:48,
716361.362679493,6190544.37735014,"4378","4340","11","459",DK2013_Vejlesoe_Kanal_DK1_5146.167,,5146.167,Vejlesoe_Kanal_DK1,DK2013,DK2013_Vejlesoe_Kanal_DK1_5146.167,2020/11/10 13:33:48,
715889.868449293,6190597.52993667,"4379","4341","12","459",DK2013_Vejlesoe_Kanal_DK1_5614.0,,5614,Vejlesoe_Kanal_DK1,DK2013,DK2013_Vejlesoe_Kanal_DK1_5614.0,2020/11/10 13:33:48,
707940,6193460,"4670","4927","0","532",Novana_Model_VASSINGROEDLOEBET_DK1_0.0,,0,VASSINGROEDLOEBET_DK1,Novana_Model,Novana_Model_VASSINGROEDLOEBET_DK1_0.0,2020/11/10 13:33:48,
707581.479739431,6193401.30019728,"4671","4928","1","532",Novana_Model_VASSINGROEDLOEBET_DK1_433.3333333333333,,433.333333333333,VASSINGROEDLOEBET_DK1,Novana_Model,Novana_Model_VASSINGROEDLOEBET_DK1_433.3333333333333,2020/11/10 13:33:48,
707483.059198204,6193009.17183156,"4672","4929","2","532",Novana_Model_VASSINGROEDLOEBET_DK1_866.6666666666666,,866.666666666667,VASSINGROEDLOEBET_DK1,Novana_Model,Novana_Model_VASSINGROEDLOEBET_DK1_866.6666666666666,2020/11/10 13:33:48,
707695.19043176,6192676.0119603,"4673","4930","3","532",Novana_Model_VASSINGROEDLOEBET_DK1_1300.0,,1300,VASSINGROEDLOEBET_DK1,Novana_Model,Novana_Model_VASSINGROEDLOEBET_DK1_1300.0,2020/11/10 13:33:48,
707603.733276888,6192327.55805711,"4674","4931","4","532",Novana_Model_VASSINGROEDLOEBET_DK1_1733.3333333333333,,1733.33333333333,VASSINGROEDLOEBET_DK1,Novana_Model,Novana_Model_VASSINGROEDLOEBET_DK1_1733.3333333333333,2020/11/10 13:33:48,
707304.361375179,6192041.63033381,"4675","4932","5","532",Novana_Model_VASSINGROEDLOEBET_DK1_2166.6666666666665,,2166.66666666667,VASSINGROEDLOEBET_DK1,Novana_Model,Novana_Model_VASSINGROEDLOEBET_DK1_2166.6666666666665,2020/11/10 13:33:48,
707390,6191660,"4676","4933","6","532",Novana_Model_VASSINGROEDLOEBET_DK1_2600.0,,2600,VASSINGROEDLOEBET_DK1,Novana_Model,Novana_Model_VASSINGROEDLOEBET_DK1_2600.0,2020/11/10 13:33:48,
707560.805041245,6191369.19495876,"4677","4934","7","532",Novana_Model_VASSINGROEDLOEBET_DK1_3040.0,,3040,VASSINGROEDLOEBET_DK1,Novana_Model,Novana_Model_VASSINGROEDLOEBET_DK1_3040.0,2020/11/10 13:33:48,
707750.958985454,6191073.28710182,"4678","4935","8","532",Novana_Model_VASSINGROEDLOEBET_DK1_3480.0,,3480,VASSINGROEDLOEBET_DK1,Novana_Model,Novana_Model_VASSINGROEDLOEBET_DK1_3480.0,2020/11/10 13:33:48,
707886.653386362,6190715.35458182,"4679","4936","9","532",Novana_Model_VASSINGROEDLOEBET_DK1_3920.0,,3920,VASSINGROEDLOEBET_DK1,Novana_Model,Novana_Model_VASSINGROEDLOEBET_DK1_3920.0,2020/11/10 13:33:48,
708202.117475944,6190555.76504811,"4680","4937","10","532",Novana_Model_VASSINGROEDLOEBET_DK1_4360.0,,4360,VASSINGROEDLOEBET_DK1,Novana_Model,Novana_Model_VASSINGROEDLOEBET_DK1_4360.0,2020/11/10 13:33:48,
708370,6190270,"4681","4938","11","532",Novana_Model_VASSINGROEDLOEBET_DK1_4800.0,,4800,VASSINGROEDLOEBET_DK1,Novana_Model,Novana_Model_VASSINGROEDLOEBET_DK1_4800.0,2020/11/10 13:33:48,
721330,6193980,"4693","4950","0","534",Novana_Model_MAGLEMOSERENDEN_DK1_974.0,,974,MAGLEMOSERENDEN_DK1,Novana_Model,Novana_Model_MAGLEMOSERENDEN_DK1_974.0,2020/11/10 13:33:48,
721331.788552144,6194323.44197547,"4694","4951","1","534",Novana_Model_MAGLEMOSERENDEN_DK1_1333.5,,1333.5,MAGLEMOSERENDEN_DK1,Novana_Model,Novana_Model_MAGLEMOSERENDEN_DK1_1333.5,2020/11/10 13:33:48,
721332.899594888,6194653.12793483,"4695","4952","2","534",Novana_Model_MAGLEMOSERENDEN_DK1_1693.0,,1693,MAGLEMOSERENDEN_DK1,Novana_Model,Novana_Model_MAGLEMOSERENDEN_DK1_1693.0,2020/11/10 13:33:48,
721274.563990318,6194935.50397418,"4696","4953","3","534",Novana_Model_MAGLEMOSERENDEN_DK1_2058.0,,2058,MAGLEMOSERENDEN_DK1,Novana_Model,Novana_Model_MAGLEMOSERENDEN_DK1_2058.0,2020/11/10 13:33:48,
715490,6185510,"6319","8273","0","1075",DK2013_3764969_a_DK1_0.0,,0,3764969_a_DK1,DK2013,DK2013_3764969_a_DK1_0.0,2020/11/10 13:33:49,
716391.64228596,6186193.65341154,"6320","8274","1","1075",DK2013_3764969_a_DK1_416.0,,416,3764969_a_DK1,DK2013,DK2013_3764969_a_DK1_416.0,2020/11/10 13:33:49,
723208.657100001,6192626.2921,"6846","8018","0","997",DK2013_3794565_DK1_0.0,,0,3794565_DK1,DK2013,DK2013_3794565_DK1_0.0,2020/11/10 13:33:49,
723473.583606517,6192787.22424924,"6847","8019","1","997",DK2013_3794565_DK1_354.667,,354.667,3794565_DK1,DK2013,DK2013_3794565_DK1_354.667,2020/11/10 13:33:49,
723639.023748583,6193069.4441358,"6848","8020","2","997",DK2013_3794565_DK1_709.333,,709.333,3794565_DK1,DK2013,DK2013_3794565_DK1_709.333,2020/11/10 13:33:49,
723856.706069599,6193300.03864438,"6849","8021","3","997",DK2013_3794565_DK1_1064.0,,1064,3794565_DK1,DK2013,DK2013_3794565_DK1_1064.0,2020/11/10 13:33:49,
714623.197199999,6186927.8884,"6850","8022","0","998",DK2013_3764969_b_DK1_0.0,,0,3764969_b_DK1,DK2013,DK2013_3764969_b_DK1_0.0,2020/11/10 13:33:49,
714937.097148559,6186805.75239897,"6851","8023","1","998",DK2013_3764969_b_DK1_354.333,,354.333,3764969_b_DK1,DK2013,DK2013_3764969_b_DK1_354.333,2020/11/10 13:33:49,
715285.836282164,6186811.90510194,"6852","8024","2","998",DK2013_3764969_b_DK1_708.667,,708.667,3764969_b_DK1,DK2013,DK2013_3764969_b_DK1_708.667,2020/11/10 13:33:49,
715593.115299999,6186637.3684,"6853","8025","3","998",DK2013_3764969_b_DK1_1063.0,,1063,3764969_b_DK1,DK2013,DK2013_3764969_b_DK1_1063.0,2020/11/10 13:33:49,
716209.617559928,6188493.07074652,"7020","8068","0","1012",DK2013_Tilloeb_til_MoelleAa_11_DK1_0.0,,0,Tilloeb_til_MoelleAa_11_DK1,DK2013,DK2013_Tilloeb_til_MoelleAa_11_DK1_0.0,2020/11/10 13:33:49,
715932.398113264,6188226.21166986,"7021","8069","1","1012",DK2013_Tilloeb_til_MoelleAa_11_DK1_473.0,,473,Tilloeb_til_MoelleAa_11_DK1,DK2013,DK2013_Tilloeb_til_MoelleAa_11_DK1_473.0,2020/11/10 13:33:49,
715727.405860213,6187906.5745732,"7022","8070","2","1012",DK2013_Tilloeb_til_MoelleAa_11_DK1_946.0,,946,Tilloeb_til_MoelleAa_11_DK1,DK2013,DK2013_Tilloeb_til_MoelleAa_11_DK1_946.0,2020/11/10 13:33:49,
717869.9188,6192924.9624,"7700","7223","0","840",DK2013_Afloeb_fra_skovroedsoe_DK1_0.0,,0,Afloeb_fra_skovroedsoe_DK1,DK2013,DK2013_Afloeb_fra_skovroedsoe_DK1_0.0,2020/11/10 13:33:48,
717407.878231168,6193099.89680055,"7701","7224","1","840",DK2013_Afloeb_fra_skovroedsoe_DK1_494.0,,494,Afloeb_fra_skovroedsoe_DK1,DK2013,DK2013_Afloeb_fra_skovroedsoe_DK1_494.0,2020/11/10 13:33:48,
716945.837678392,6193274.83124352,"7702","7225","2","840",DK2013_Afloeb_fra_skovroedsoe_DK1_988.0,,988,Afloeb_fra_skovroedsoe_DK1,DK2013,DK2013_Afloeb_fra_skovroedsoe_DK1_988.0,2020/11/10 13:33:48,
716489.044028454,6193442.45506936,"7703","7226","3","840",DK2013_Afloeb_fra_skovroedsoe_DK1_1482.0,,1482,Afloeb_fra_skovroedsoe_DK1,DK2013,DK2013_Afloeb_fra_skovroedsoe_DK1_1482.0,2020/11/10 13:33:48,
716000,6193480,"7704","7227","4","840",DK2013_Afloeb_fra_skovroedsoe_DK1_1976.0,,1976,Afloeb_fra_skovroedsoe_DK1,DK2013,DK2013_Afloeb_fra_skovroedsoe_DK1_1976.0,2020/11/10 13:33:48,
715620,6186590,"7727","7250","0","845",Novana_Model_BAGSVAERD_SOE_DK1_0.0,,0,BAGSVAERD_SOE_DK1,Novana_Model,Novana_Model_BAGSVAERD_SOE_DK1_0.0,2020/11/10 13:33:48,
715638.594634096,6186579.54051832,"7728","7251","1","845",Novana_Model_BAGSVAERD_SOE_DK1_20.0,,20,BAGSVAERD_SOE_DK1,Novana_Model,Novana_Model_BAGSVAERD_SOE_DK1_20.0,2020/11/10 13:33:48,
715904.42439611,6186444.00902175,"7729","7252","2","845",Novana_Model_BAGSVAERD_SOE_DK1_300.0,,300,BAGSVAERD_SOE_DK1,Novana_Model,Novana_Model_BAGSVAERD_SOE_DK1_300.0,2020/11/10 13:33:48,
716199.32106583,6186321.80811129,"7730","7253","3","845",Novana_Model_BAGSVAERD_SOE_DK1_600.0,,600,BAGSVAERD_SOE_DK1,Novana_Model,Novana_Model_BAGSVAERD_SOE_DK1_600.0,2020/11/10 13:33:48,
716448.177773591,6186275.81062838,"7731","7254","4","845",Novana_Model_BAGSVAERD_SOE_DK1_837.5,,837.5,BAGSVAERD_SOE_DK1,Novana_Model,Novana_Model_BAGSVAERD_SOE_DK1_837.5,2020/11/10 13:33:48,
716457.210851711,6186275.02514333,"7732","7255","5","845",Novana_Model_BAGSVAERD_SOE_DK1_846.0,,846,BAGSVAERD_SOE_DK1,Novana_Model,Novana_Model_BAGSVAERD_SOE_DK1_846.0,2020/11/10 13:33:48,
716457.210851711,6186275.02514333,"7733","7256","0","846",Novana_Model_BAGSVAERD_SOE_DK1_846.0_Downstream,Downstream,846,BAGSVAERD_SOE_DK1,Novana_Model,Novana_Model_BAGSVAERD_SOE_DK1_846.0_Downstream,2020/11/10 13:33:48,
716700.729849151,6186256.07056394,"7734","7257","1","846",Novana_Model_BAGSVAERD_SOE_DK1_1075.0,,1075,BAGSVAERD_SOE_DK1,Novana_Model,Novana_Model_BAGSVAERD_SOE_DK1_1075.0,2020/11/10 13:33:48,
716903.122834619,6186245.34385827,"7735","7258","2","846",Novana_Model_BAGSVAERD_SOE_DK1_1265.0,,1265,BAGSVAERD_SOE_DK1,Novana_Model,Novana_Model_BAGSVAERD_SOE_DK1_1265.0,2020/11/10 13:33:48,
717104.985682316,6186251.39828188,"7736","7259","3","846",Novana_Model_BAGSVAERD_SOE_DK1_1455.0,,1455,BAGSVAERD_SOE_DK1,Novana_Model,Novana_Model_BAGSVAERD_SOE_DK1_1455.0,2020/11/10 13:33:48,
717240.024358989,6186267.60292308,"7737","7260","4","846",Novana_Model_BAGSVAERD_SOE_DK1_1582.5,,1582.5,BAGSVAERD_SOE_DK1,Novana_Model,Novana_Model_BAGSVAERD_SOE_DK1_1582.5,2020/11/10 13:33:48,
717365.358480493,6186311.79044169,"7738","7261","5","846",Novana_Model_BAGSVAERD_SOE_DK1_1710.0,,1710,BAGSVAERD_SOE_DK1,Novana_Model,Novana_Model_BAGSVAERD_SOE_DK1_1710.0,2020/11/10 13:33:48,
717464.371837397,6186379.59854726,"7739","7262","6","846",Novana_Model_BAGSVAERD_SOE_DK1_1822.5,,1822.5,BAGSVAERD_SOE_DK1,Novana_Model,Novana_Model_BAGSVAERD_SOE_DK1_1822.5,2020/11/10 13:33:48,
717545.78281974,6186435.35187851,"7740","7263","7","846",Novana_Model_BAGSVAERD_SOE_DK1_1915.0,,1915,BAGSVAERD_SOE_DK1,Novana_Model,Novana_Model_BAGSVAERD_SOE_DK1_1915.0,2020/11/10 13:33:48,
717563.385194301,6186447.40665283,"7741","7264","8","846",Novana_Model_BAGSVAERD_SOE_DK1_1935.0,,1935,BAGSVAERD_SOE_DK1,Novana_Model,Novana_Model_BAGSVAERD_SOE_DK1_1935.0,2020/11/10 13:33:48,
716408.34,6194481.8,"8615","7550","0","896",Novana_Model_BRANCH_82_DK1_0.0,,0,BRANCH_82_DK1,Novana_Model,Novana_Model_BRANCH_82_DK1_0.0,2020/11/10 13:33:48,
704250,6190570,"8668","7786","0","945",Novana_Model_BASTRUP_SOE_DK1_0.0,,0,BASTRUP_SOE_DK1,Novana_Model,Novana_Model_BASTRUP_SOE_DK1_0.0,2020/11/10 13:33:49,
704269.392169773,6190574.84804244,"8669","7787","1","945",Novana_Model_BASTRUP_SOE_DK1_20.0,,20,BASTRUP_SOE_DK1,Novana_Model,Novana_Model_BASTRUP_SOE_DK1_20.0,2020/11/10 13:33:49,
704464.31787107,6190618.86357422,"8670","7788","2","945",Novana_Model_BASTRUP_SOE_DK1_220.0,,220,BASTRUP_SOE_DK1,Novana_Model,Novana_Model_BASTRUP_SOE_DK1_220.0,2020/11/10 13:33:49,
704671.479886481,6190690.42282471,"8671","7789","3","945",Novana_Model_BASTRUP_SOE_DK1_440.0,,440,BASTRUP_SOE_DK1,Novana_Model,Novana_Model_BASTRUP_SOE_DK1_440.0,2020/11/10 13:33:49,
704870.758135661,6190704.68411014,"8672","7790","4","945",Novana_Model_BASTRUP_SOE_DK1_650.0,,650,BASTRUP_SOE_DK1,Novana_Model,Novana_Model_BASTRUP_SOE_DK1_650.0,2020/11/10 13:33:49,
705070.101852272,6190640.0185186,"8673","7791","5","945",Novana_Model_BASTRUP_SOE_DK1_860.0,,860,BASTRUP_SOE_DK1,Novana_Model,Novana_Model_BASTRUP_SOE_DK1_860.0,2020/11/10 13:33:49,
705178.267969936,6190659.68508544,"8674","7792","6","945",Novana_Model_BASTRUP_SOE_DK1_970.0,,970,BASTRUP_SOE_DK1,Novana_Model,Novana_Model_BASTRUP_SOE_DK1_970.0,2020/11/10 13:33:49,
705287.734756079,6190669.79406874,"8675","7793","7","945",Novana_Model_BASTRUP_SOE_DK1_1080.0,,1080,BASTRUP_SOE_DK1,Novana_Model,Novana_Model_BASTRUP_SOE_DK1_1080.0,2020/11/10 13:33:49,
705359.480337711,6190704.74016886,"8676","7794","8","945",Novana_Model_BASTRUP_SOE_DK1_1160.0,,1160,BASTRUP_SOE_DK1,Novana_Model,Novana_Model_BASTRUP_SOE_DK1_1160.0,2020/11/10 13:33:49,
705430.657942324,6190740.89719408,"8677","7795","9","945",Novana_Model_BASTRUP_SOE_DK1_1240.0,,1240,BASTRUP_SOE_DK1,Novana_Model,Novana_Model_BASTRUP_SOE_DK1_1240.0,2020/11/10 13:33:49,
705485.328971162,6190815.44859704,"8678","7796","10","945",Novana_Model_BASTRUP_SOE_DK1_1332.5,,1332.5,BASTRUP_SOE_DK1,Novana_Model,Novana_Model_BASTRUP_SOE_DK1_1332.5,2020/11/10 13:33:49,
705528.179237008,6190873.88077774,"8679","7797","11","945",Novana_Model_BASTRUP_SOE_DK1_1405.0,,1405,BASTRUP_SOE_DK1,Novana_Model,Novana_Model_BASTRUP_SOE_DK1_1405.0,2020/11/10 13:33:49,
705540,6190890,"8680","7798","12","945",Novana_Model_BASTRUP_SOE_DK1_1425.0,,1425,BASTRUP_SOE_DK1,Novana_Model,Novana_Model_BASTRUP_SOE_DK1_1425.0,2020/11/10 13:33:49,
721600.628026924,6195062.76827009,"8703","4954","4","534",Novana_Model_MAGLEMOSERENDEN_DK1_2423.0,,2423,MAGLEMOSERENDEN_DK1,Novana_Model,Novana_Model_MAGLEMOSERENDEN_DK1_2423.0,2020/11/10 13:33:48,
722047.604919742,6195190.0,"8704","4955","5","534",Novana_Model_MAGLEMOSERENDEN_DK1_2905.5,,2905.5,MAGLEMOSERENDEN_DK1,Novana_Model,Novana_Model_MAGLEMOSERENDEN_DK1_2905.5,2020/11/10 13:33:48,
722457.300154082,6195144.29861326,"8705","4956","6","534",Novana_Model_MAGLEMOSERENDEN_DK1_3388.0,,3388,MAGLEMOSERENDEN_DK1,Novana_Model,Novana_Model_MAGLEMOSERENDEN_DK1_3388.0,2020/11/10 13:33:48,
722768.756769127,6194976.09459614,"8706","4957","7","534",Novana_Model_MAGLEMOSERENDEN_DK1_3769.0,,3769,MAGLEMOSERENDEN_DK1,Novana_Model,Novana_Model_MAGLEMOSERENDEN_DK1_3769.0,2020/11/10 13:33:48,
723138.963021839,6195027.37037773,"8707","4958","8","534",Novana_Model_MAGLEMOSERENDEN_DK1_4150.0,,4150,MAGLEMOSERENDEN_DK1,Novana_Model,Novana_Model_MAGLEMOSERENDEN_DK1_4150.0,2020/11/10 13:33:48,
723510,6194840,"8708","4959","9","534",Novana_Model_MAGLEMOSERENDEN_DK1_4586.0,,4586,MAGLEMOSERENDEN_DK1,Novana_Model,Novana_Model_MAGLEMOSERENDEN_DK1_4586.0,2020/11/10 13:33:48,
723510,6194840,"8709","4960","0","535",Novana_Model_MAGLEMOSERENDEN_DK1_4586.0_Downstream,Downstream,4586,MAGLEMOSERENDEN_DK1,Novana_Model,Novana_Model_MAGLEMOSERENDEN_DK1_4586.0_Downstream,2020/11/10 13:33:48,
723650,6194830,"8710","4961","1","535",Novana_Model_MAGLEMOSERENDEN_DK1_4781.0,,4781,MAGLEMOSERENDEN_DK1,Novana_Model,Novana_Model_MAGLEMOSERENDEN_DK1_4781.0,2020/11/10 13:33:48,
715970,6193490,"8750","6371","0","707",Novana_Model_DUMPEDALSRENDEN_DK1_0.0,,0,DUMPEDALSRENDEN_DK1,Novana_Model,Novana_Model_DUMPEDALSRENDEN_DK1_0.0,2020/11/10 13:33:48,
715860.029537254,6192775.0759553,"8751","6372","1","707",Novana_Model_DUMPEDALSRENDEN_DK1_398.5,,398.5,DUMPEDALSRENDEN_DK1,Novana_Model,Novana_Model_DUMPEDALSRENDEN_DK1_398.5,2020/11/10 13:33:48,
716179.159626779,6192187.00102406,"8752","6373","2","707",Novana_Model_DUMPEDALSRENDEN_DK1_797.0,,797,DUMPEDALSRENDEN_DK1,Novana_Model,Novana_Model_DUMPEDALSRENDEN_DK1_797.0,2020/11/10 13:33:48,
716173.556059261,6191602.42127685,"8753","6374","3","707",Novana_Model_DUMPEDALSRENDEN_DK1_1166.25,,1166.25,DUMPEDALSRENDEN_DK1,Novana_Model,Novana_Model_DUMPEDALSRENDEN_DK1_1166.25,2020/11/10 13:33:48,
715965.237856105,6190950.92052208,"8754","6375","4","707",Novana_Model_DUMPEDALSRENDEN_DK1_1535.5,,1535.5,DUMPEDALSRENDEN_DK1,Novana_Model,Novana_Model_DUMPEDALSRENDEN_DK1_1535.5,2020/11/10 13:33:48,
715792.671585321,6190621.82915266,"8755","6376","5","707",Novana_Model_DUMPEDALSRENDEN_DK1_1732.509464498751,,1732.50946449875,DUMPEDALSRENDEN_DK1,Novana_Model,Novana_Model_DUMPEDALSRENDEN_DK1_1732.509464498751,2020/11/10 13:33:48,
715792.671585321,6190621.82915266,"8756","6377","0","708",Novana_Model_DUMPEDALSRENDEN_DK1_1732.509464498751_Downstream,Downstream,1732.50946449875,DUMPEDALSRENDEN_DK1,Novana_Model,Novana_Model_DUMPEDALSRENDEN_DK1_1732.509464498751_Downstream,2020/11/10 13:33:48,
715289.413679659,6190535.14358039,"8757","6378","1","708",Novana_Model_DUMPEDALSRENDEN_DK1_2003.2547322493756,,2003.25473224938,DUMPEDALSRENDEN_DK1,Novana_Model,Novana_Model_DUMPEDALSRENDEN_DK1_2003.2547322493756,2020/11/10 13:33:48,
714786.155773998,6190448.45800813,"8758","6379","2","708",Novana_Model_DUMPEDALSRENDEN_DK1_2274.0,,2274,DUMPEDALSRENDEN_DK1,Novana_Model,Novana_Model_DUMPEDALSRENDEN_DK1_2274.0,2020/11/10 13:33:48,
714244.150167555,6190200.8861024,"8759","6380","3","708",Novana_Model_DUMPEDALSRENDEN_DK1_2617.5,,2617.5,DUMPEDALSRENDEN_DK1,Novana_Model,Novana_Model_DUMPEDALSRENDEN_DK1_2617.5,2020/11/10 13:33:48,
713923.219619791,6189638.06014177,"8760","6381","4","708",Novana_Model_DUMPEDALSRENDEN_DK1_2961.0,,2961,DUMPEDALSRENDEN_DK1,Novana_Model,Novana_Model_DUMPEDALSRENDEN_DK1_2961.0,2020/11/10 13:33:48,
713876.504838457,6189556.13496555,"8761","6382","5","708",Novana_Model_DUMPEDALSRENDEN_DK1_3011.0,,3011,DUMPEDALSRENDEN_DK1,Novana_Model,Novana_Model_DUMPEDALSRENDEN_DK1_3011.0,2020/11/10 13:33:48,
